energy_kcal,protein_g,fat_g,carbohydrates_g,fiber_g,sugars_g,saturated_fat_g,cholesterol_mg,sodium_mg,potassium_mg,water_g,y_true,y_pred,absolute_error
3303.0,143.95,147.73,355.05,25.7,84.52,32.471,262.0,5896.0,2949.0,909.95,-2.0999999999999943,-0.12790489529344123,1.9720951047065531
3430.0,67.76,168.92,425.64,25.8,40.75,39.259,112.0,6474.0,2858.0,614.73,1.6999999999999957,-0.16216613784890652,1.8621661378489023
1201.0,72.68,54.96,111.54,25.7,34.11,8.710999999999999,21.0,2125.0,1332.0,438.37,-2.0,-0.16095213523156277,1.8390478647684372
1789.0,54.1,92.22,197.01,14.9,5.08,32.586,114.0,2677.0,2301.0,344.01,1.5,-0.15387152253137482,1.6538715225313747
2656.0,82.83,104.92,367.52,43.8,65.3,33.071000000000005,83.0,3495.0,2993.0,614.24,1.3999999999999986,-0.1619740878880159,1.5619740878880144
2084.0,99.23,78.63,247.01,22.4,85.95,21.545,175.0,5259.0,2978.0,835.38,1.3999999999999915,-0.14757284266412596,1.5475728426641173
2017.0,100.04,89.53,202.52,7.2,77.57,25.831,313.0,5781.0,1976.0,678.64,1.2999999999999972,-0.10734601552596,1.4073460155259572
1456.0,105.17,36.1,188.63,25.5,5.0,15.107,109.0,893.0,1350.0,243.49,-1.5,-0.1138914579123206,1.3861085420876793
1975.0,97.78,54.85,282.73,25.3,33.11,20.464,128.0,2298.0,2098.0,677.17,-1.5,-0.11512298204102929,1.3848770179589707
3132.0,87.82,112.66,454.94,15.4,108.79,30.226000000000003,91.0,4635.0,1970.0,420.59,1.1999999999999886,-0.15016350124876976,1.3501635012487583
