model_name,best_cv_rmse,test_MAE,test_RMSE,test_R2,best_params
LinearRegression,0.45097652035929087,0.30879648727945197,0.419791056725063,0.00469990154838984,{}
Ridge,0.45096707040968703,0.3088694749443908,0.4198143225487853,0.00458957467046317,{'model__alpha': 1.0}
Lasso,0.45001335029049905,0.31093217205910706,0.4207856204645714,-2.179029698123891e-05,{'model__alpha': 0.1}
DummyRegressor_mean_baseline,,0.31093217205910706,0.4207856204645714,-2.179029698123891e-05,{}
DecisionTreeRegressor,0.45121424045954084,0.31004910266221736,0.42209637977310727,-0.0062616871826051135,"{'model__max_depth': 3, 'model__min_samples_leaf': 20}"
RandomForestRegressor,0.45199724781972545,0.310719038461709,0.422213778397505,-0.006821512719726641,"{'model__max_depth': 8, 'model__min_samples_leaf': 1, 'model__n_estimators': 150}"
GradientBoostingRegressor,0.45177106441011894,0.31193808670389,0.42250373464235114,-0.008204861360740168,"{'model__learning_rate': 0.05, 'model__max_depth': 2, 'model__n_estimators': 80}"
HistGradientBoostingRegressor,0.4546719496928917,0.31382578931229316,0.42682304103882523,-0.028924229696679182,"{'model__learning_rate': 0.05, 'model__max_iter': 100, 'model__max_leaf_nodes': 15}"
KNeighborsRegressor,0.47700496684369786,0.33896296296296285,0.44884540624433594,-0.1378401447323352,"{'model__n_neighbors': 9, 'model__weights': 'uniform'}"
